PDB,Antibody,Flexibility,AF2_DockQ,DockQ,AF2_CAPRI_rank,CAPRI_rank,IF-pLDDT
1ACB,0,Difficult,0.5629644223917232,0.6003273481390012,2,2,94.437
1ATN,0,Difficult,0.710743093922652,0.7299223959530927,2,2,93.389
1BKD,0,Difficult,0.6489025209260095,0.6676867205928125,2,2,89.639
1DE4,0,Difficult,0.2379079823847464,0.08930790814144499,1,0,77.789
1E4K,0,Difficult,0.01894139984172179,0.08520852320331374,0,0,80.807
1EER,0,Difficult,0.6099042735158648,0.6306000575372945,2,2,92.75
1F6M,0,Difficult,0.36432897782271895,0.3959716020143025,1,1,81.876
1FAK,0,Difficult,0.5706418953765955,0.5446104263223439,2,2,88.025
1FQ1,0,Difficult,0.31018287569828856,0.36643160534570235,1,1,91.187
1H1V,0,Difficult,0.1827548412677808,0.18185597494117123,0,0,92.94
1IBR,0,Difficult,0.6710277287204689,0.7279043284063549,2,2,94.748
1IRA,0,Difficult,0.37232897782271895,0.4489483155824133,1,1,87.989
1JK9,0,Difficult,0.6145822502663789,0.6620539155945092,2,2,87.874
1JMO,0,Difficult,0.4206512971879473,0.4798399744497528,1,1,82.8497351
1JZD,0,Difficult,0.0035979372478871395,0.0036056536649466354,0,0,87.506
1PXV,0,Difficult,0.7329764038935327,0.7270080137848038,2,2,94.443
1R8S,0,Difficult,0.5378304106288276,0.5498574688022047,2,2,86.998
1RKE,0,Difficult,0.3395411205371101,0.37604447202019176,1,1,84.866
1Y64,0,Difficult,0.21805022457907758,0.19685847576725793,0,0,87.942
1ZLI,0,Difficult,0.6312332089350693,0.6461734773997501,2,2,95.983
2C0L,0,Difficult,0.7163712912045443,0.7548877371168482,2,2,96.947
2FJG,1,Difficult,0.015848720172765045,0.06838857360034489,0,0,81.457
2I9B,0,Difficult,0.3587698471853669,0.429074144711576,1,1,86.737
2J7P,0,Difficult,0.304554142200003,0.3301371374446511,1,1,80.782
2O3B,0,Difficult,0.6581907161269795,0.6897329914026699,2,2,97.9
2O3B,0,Difficult,0.6581907161269795,0.6897329914026699,2,2,97.9
2O3B,0,Difficult,0.7151805730309253,0.7396805730309253,2,2,97.9
2O3B,0,Difficult,0.7151805730309253,0.7396805730309253,2,2,97.9
2OT3,0,Difficult,0.5271433553392962,0.5290099701388522,2,2,87.874
3AAD,0,Difficult,0.0022374651430028905,0.002531829735841083,0,0,90.033
3AAD,0,Difficult,0.0022374651430028905,0.002531829735841083,0,0,90.033
3AAD,0,Difficult,0.0022374651430028905,0.002531829735841083,0,0,90.033
3AAD,0,Difficult,0.00239947172718567,0.002427124094253112,0,0,90.033
3AAD,0,Difficult,0.00239947172718567,0.002427124094253112,0,0,90.033
3AAD,0,Difficult,0.00239947172718567,0.002427124094253112,0,0,90.033
3F1P,0,Difficult,0.003913202442752449,0.007523448281101388,0,0,95.284
3FN1,0,Difficult,0.5630445770952679,0.5700759611547159,2,2,91.076
3H11,0,Difficult,0.20547249100614584,0.3044302276534058,0,1,71.915
4DW2,1,Difficult,0.0033134699400902555,0.029939231488027497,0,0,78.99
4GAM,0,Difficult,0.0013972050256021618,0.0014194964856951394,0,0,91.091
5C7X,1,Difficult,0.18455505266277272,0.3505584356472933,0,1,88.241
1B6C,0,Medium,0.23305386650674328,0.21273383502041715,1,0,63.344
1CGI,0,Medium,0.6536528814304978,0.659379138744014,2,2,95.128
1FC2,0,Medium,,0.6332577128538864,0,2,92.256
1GP2,0,Medium,0.3847723967175691,0.46253113964643966,1,1,90.402
1GRN,0,Medium,0.5961869809681324,0.5985687198536342,2,2,94.343
1HE8,0,Medium,0.4648024801840784,0.46736413208527033,1,1,82.62
1I2M,0,Medium,0.46946964172192857,0.42550558590620424,1,1,91.274
1IB1,0,Medium,0.0038290621563150805,0.15021421271080826,0,0,81.002
1IJK,0,Medium,0.42669697349422425,0.39596278021045145,1,1,86.995
1JIW,0,Medium,0.5583680508127304,0.6404491399447866,2,2,88.032
1K5D,0,Medium,0.616966653338785,0.6140824843071571,2,2,93.77
1KKL,0,Medium,0.014672048474731077,0.00353748110592036,0,0,71.775
1LFD,0,Medium,0.7850150154683233,0.8015063898687587,2,3,95.472
1M10,0,Medium,0.1854745333102705,0.20235359228614264,0,0,92.016
1MQ8,0,Medium,0.5465257524554734,0.7068375661697134,2,2,91.132
1N2C,0,Medium,,,0,0,
1NW9,0,Medium,0.005767952206491665,0.21280220878445036,0,0,71.233
1R6Q,0,Medium,0.8060202607771277,0.7844798797019503,3,2,96.743
1SYX,0,Medium,0.6970382439590477,0.7591669785302884,2,2,89.03
1WQ1,0,Medium,0.5835844721719357,0.6524892879728368,2,2,92.418
1XQS,0,Medium,0.566110426322344,0.6505048352503549,2,2,93.561
1ZM4,0,Medium,0.43815731340642905,0.4655118485491251,1,1,79.163
2CFH,0,Medium,0.4705544177737673,0.42238000115950364,1,1,86.426
2DD8,1,Medium,0.006044370515077076,0.6071613658837639,0,2,79.191
2H7V,0,Medium,0.4911852524404453,0.49390990916148403,2,2,82.819
HRKÂ 2.00,0,Medium,0.8168595352472925,0.8079253063636374,3,3,97.46
2NZ8,0,Medium,0.7468267630155809,0.7999798797019503,2,2,92.419
2OZA,0,Medium,0.006338219422553392,0.10267792345035158,0,0,72.389
2Z0E,0,Medium,0.7625506838770797,0.7389207745903337,2,2,91.916
3AAA,0,Medium,0.6620570027910971,0.7517268690900173,2,2,94.336
3AAD,0,Medium,0.0022374651430028905,0.004688189085659107,0,0,90.033
3AAD,0,Medium,0.0022374651430028905,0.004688189085659107,0,0,90.033
3AAD,0,Medium,0.0022374651430028905,0.004688189085659107,0,0,90.033
3BX7,0,Medium,0.48243572998108647,0.4952828276861258,1,2,88.654
3CPH,0,Medium,0.10463999216423295,0.16622778342152747,0,0,73.254
3DAW,0,Medium,0.7018414010310634,0.710382766206062,2,2,95.892
3EO1,1,Medium,0.0024050086980506574,0.23978747429146408,0,1,73.21821429
3G6D,1,Medium,0.004862793661731867,0.005725483116138109,0,0,79.156
3HI6,1,Medium,0.12995295002578894,0.18016166281637955,0,0,74.114
3L5W,1,Medium,0.0050158321733051086,0.008180023871272861,0,0,94.135
3R9A,0,Medium,0.003080583117198025,0.1385689597695988,0,0,73.327
3RJQ,1,Medium,0.011521411149811334,0.15180535081564128,0,0,73.283
3S9D,0,Medium,0.42321756242698405,0.6711461576389378,1,2,79.32
3SZK,0,Medium,0.005003193149049793,0.019753887284073336,0,0,85.943
3V6Z,1,Medium,0.0037880034731378907,0.05523970878354217,0,0,71.499
4ETQ,1,Medium,0.002749809559800195,0.10423090851619203,0,0,81.171
4FZA,0,Medium,0.5436090341698868,0.5958499855119213,2,2,85.343
4IZ7,0,Medium,0.5552359740908203,0.5620759611547159,2,2,88.272
4JCV,0,Medium,0.0027790534250566215,0.017445789740023365,0,0,77.526
4LW4,0,Medium,0.4352610930878431,0.23599325010329356,1,1,82.634
4M3K,1,Medium,0.0042858543066153654,0.40557765455392936,0,1,82.208
4POU,1,Medium,0.005844251507722084,0.3937075114490025,0,1,69.303
5CBA,1,Medium,0.5487832424310513,0.5490309488606537,2,2,85.803
5E5M,1,Medium,0.05914298184748342,0.29423038149109226,0,1,73.601
5HGG,1,Medium,0.17073343596112972,0.18760806209208716,0,0,79.116
5HYS,1,Medium,0.004139561903871577,0.013052218480354216,0,0,79.338
5KOV,1,Medium,0.00387667739911308,0.11674340682338234,0,0,74.45883117
5VNW,1,Medium,0.0012681285900290628,0.3351068377145676,0,1,77.554
5WHK,1,Medium,0.40520451523940104,0.46425965311119377,1,1,89.18260163
6A0Z,1,Medium,0.054680267612201156,0.13140575020087214,0,0,77.52
6AL0,1,Medium,0.31645430479399517,0.3740552758959925,1,1,87.22754545
6EY6,1,Medium,0.0750770332615629,0.08297949490778843,0,0,81.038
1A2K,0,Rigid,0.0018264424180039658,0.10043715498944955,0,0,80.171
1AHW,1,Rigid,0.4578970511071466,0.6599795174493203,1,2,93.667
1AK4,0,Rigid,0.10541389232956697,0.1343724176654382,0,0,89.415
1AKJ,0,Rigid,0.5991952725874635,0.5685810299787065,2,2,91.777
1AVX,0,Rigid,0.7311622653849924,0.6841952725874636,2,2,96.897
1AY7,0,Rigid,0.8497916040829714,0.8519370175067511,3,3,97.248
1AZS,0,Rigid,0.43353470919324577,0.4396823844318131,1,1,86.45
1BUH,0,Rigid,0.6535784740014059,0.6571563569336338,2,2,95.458
1BVN,0,Rigid,0.5843534103392554,0.75,2,2,92.835
1CLV,0,Rigid,0.04785556743883573,0.14056771061648043,0,0,79.454
1D6R,0,Rigid,0.7817530674039471,0.7497539080451385,2,2,97.148
1DFJ,0,Rigid,0.6418167954385667,0.654401177853795,2,2,95.449
1DQJ,1,Rigid,0.036085640616099146,0.11412784349864273,0,0,79.812
1E6E,0,Rigid,0.6072610497453568,0.5957318365640342,2,2,94.036
1E6J,1,Rigid,0.0052424777853149335,0.02157500078982008,0,0,75.392
1E+96,0,Rigid,0.6826760551998814,0.7576670391850318,2,2,92.304
1EAW,0,Rigid,0.7134054299794198,0.710569480220566,2,2,96.841
1EFN,0,Rigid,0.00489990935559685,0.2505876556630682,0,1,75.968
1EWY,0,Rigid,0.06091532274899571,0.10498092841262541,0,0,86.055
1EXB,0,Rigid,0.0019802191281972107,0.027900517890434313,0,0,91.21
1EZU,0,Rigid,0.0017242726991316217,0.012261966476261911,0,0,94.383
1F34,0,Rigid,0.5504384889358809,0.5446806426185202,2,2,86.579
1F51,0,Rigid,0.002873684764613071,0.0028219669937723578,0,0,89.616
1FCC,0,Rigid,0.001530426842535393,0.579290644792656,0,2,77.596
1FFW,0,Rigid,0.6969197505091758,0.7673939864133774,2,2,92.461
1FLE,0,Rigid,0.651853387300238,0.7090844706867637,2,2,97.481
1FQJ,0,Rigid,0.5277809200722154,0.5293407094819867,2,2,90.788
1GCQ,0,Rigid,0.005526915380282433,0.1260337069033488,0,0,95.188
1GHQ,0,Rigid,0.006471698792342463,0.0070487866763721445,0,0,94.599
1GL1,0,Rigid,0.8386266762332162,0.79229662482407,3,2,96.172
1GLA,0,Rigid,0.16944420285198358,0.24280709116590893,0,1,83.088
1GPW,0,Rigid,0.7021444135910397,0.7042579990962572,2,2,92.713
1GXD,0,Rigid,0.0016689007684954258,0.3533815191516988,0,1,84.237
1H9D,0,Rigid,0.6566052726462915,0.7014135291527368,2,2,92.737
1HCF,0,Rigid,0.005320223143305492,0.005250318354803551,0,0,92.663
1HE1,0,Rigid,0.5941869809681324,0.6215103135850323,2,2,90.554
1HIA,0,Rigid,0.7435648665659857,0.7710808254313365,2,2,95.87
1I4D,0,Rigid,0.0027675192603842406,0.10764394516919851,0,0,74.402
1J2J,0,Rigid,0.7434922652635703,0.7688622886009224,2,2,94.46
1JPS,1,Rigid,0.013432584538708655,0.027328976093675482,0,0,71.063
1JTD,0,Rigid,0.6905141239547017,0.7725119989788103,2,2,95.88
1JTG,0,Rigid,0.4484347483974974,0.46763213715067825,1,1,92.221
1JWH,0,Rigid,0.636125867414735,0.6439213626160643,2,2,94.254
1K74,0,Rigid,0.6486837213026232,0.6442623331876227,2,2,93.424
1KAC,0,Rigid,0.0034154087010569542,0.2678301180653264,0,1,74.396
1KLU,0,Rigid,0.006059370552910131,0.37594940952177963,0,1,68.773
1KTZ,0,Rigid,0.7806006263570053,0.7975526809408605,2,2,95.673
1KXP,0,Rigid,0.7374661020691117,0.7255689962093823,2,2,96.041
1M27,0,Rigid,0.0910075119482915,0.6421040620019702,0,2,79.454
1MAH,0,Rigid,0.6528639390875374,0.6615673735514936,2,2,88.046
1ML0,0,Rigid,0.002900517890434311,0.011185879989398819,0,0,39.952
1MLC,1,Rigid,0.009309669395020443,0.13505107768932817,0,0,89.068
1OC0,0,Rigid,0.7917576021284469,0.707092293875468,2,2,94.217
1OFU,0,Rigid,0.7466330091200919,0.7598220862051228,2,2,86.93426087
1OPH,0,Rigid,0.5797521848417335,0.6855319958379398,2,2,93.35
1OYV,0,Rigid,0.35686567434700694,0.4179886853050946,1,1,85.68146853
1PPE,0,Rigid,0.5890771244898696,0.6033683287693727,2,2,90.931
1PVH,0,Rigid,0.003401945493702713,0.2793667440096915,0,1,78.6
1QA9,0,Rigid,0.527821668367621,0.6157689885671198,2,2,91.773
1R0R,0,Rigid,0.8315210194114158,0.8320939493035372,3,3,96.538
1RLB,0,Rigid,0.0029250491946473754,0.0029965230424205055,0,0,89.989
1RV6,0,Rigid,0.002033851088484832,0.002122238584419703,0,0,93.186
1S1Q,0,Rigid,0.005477931134312912,0.3829450844563801,0,1,82.866
1S78,1,Rigid,0.001523238062916434,0.038505602336860456,0,0,81.941
1SBB,0,Rigid,0.0016985519749294815,0.28149976163272844,0,1,84.665
1T6B,0,Rigid,0.015913532070995752,0.11909590896524232,0,0,59.191
1TMQ,0,Rigid,0.0309176749213734,0.04734498828576085,0,0,86.129
1UDI,0,Rigid,0.6817761332844314,0.7732771555520519,2,2,96.232
1US7,0,Rigid,0.8616500121415804,0.8700053040170397,3,3,94.1523
1VFB,1,Rigid,0.005743393597698764,0.47537089190368553,0,1,84.03
1WDW,0,Rigid,0.0008799689665216441,0.000898400111114126,0,0,92.175
1WEJ,1,Rigid,0.0038862156944914085,0.04938755936242322,0,0,81.441
1XD3,0,Rigid,0.6873546279520039,0.6610048352503548,2,2,87.159
1XU1,0,Rigid,0.006015410712272271,0.006497131799296795,0,0,93.155
1YVB,0,Rigid,0.7301407380386495,0.7556147595645795,2,2,97.171
1Z0K,0,Rigid,0.5390439453066098,0.6488867110539249,2,2,92.791
1Z5Y,0,Rigid,0.5735954872022087,0.597014948505951,2,2,91.102
1ZHH,0,Rigid,0.004195127514890848,0.004083129452396339,0,0,89.417
1ZHI,0,Rigid,0.8031339642635809,0.7571273404620658,3,2,91.654
2A1A,0,Rigid,0.6162359740908203,0.5608736059479553,2,2,88.991
2A5T,0,Rigid,0.6705319958379398,0.6913913499610815,2,2,94.73
2A9K,0,Rigid,0.003893050275103869,0.2095819086444401,0,0,77.397
2ABZ,0,Rigid,0.052235320376347774,0.0701079482574181,0,0,70.062
2AJF,0,Rigid,0.0040006144374799685,0.14929955795522915,0,0,81.037
2AYO,0,Rigid,0.507345690400553,0.4522812693523459,2,1,92.537
2B42,0,Rigid,0.7139141356198297,0.7352024467236967,2,2,93.401
2B4J,0,Rigid,0.0032561530605426316,0.19899087443425598,0,0,84.484
2BTF,0,Rigid,0.723217157838373,0.750111753732687,2,2,96.345
2FD6,1,Rigid,0.004175806656811144,0.022074339759259022,0,0,74.585
2FJU,0,Rigid,0.0011176575698304925,0.4591958894143324,0,1,69.187
2G77,0,Rigid,0.5706303653801377,0.42118478682627347,2,1,90.256
2GAF,0,Rigid,0.4020797821852575,0.32404900479393134,1,1,77.733
2GTP,0,Rigid,0.7430063071866395,0.8037846633091137,2,3,95.881
2HLE,0,Rigid,0.48195929297499235,0.5820192104003914,1,2,86.14
2HQS,0,Rigid,0.41294885456992936,0.4439027379806077,1,1,91.388
2I25,1,Rigid,0.0764696286254006,0.2999913034640883,0,1,81.097
2J0T,0,Rigid,0.7870002214081558,0.7851805730309254,2,2,95.045
2MTA,0,Rigid,0.0023077738064284136,0.0027293171744073633,0,0,94.827
2O8V,0,Rigid,0.11729289358145434,0.22031436855511988,0,0,80.066
2OOB,0,Rigid,0.013322697912407842,0.429608510728626,0,1,75
2OOR,0,Rigid,0.0027992728688419656,0.002908169161173969,0,0,94.503
2OUL,0,Rigid,0.8468045223441263,0.8410363882705894,3,3,96.311
2PCC,0,Rigid,0.7389413292431227,0.6793708831485734,2,2,94.671
2SIC,0,Rigid,0.796942834850555,0.8223775807180307,2,3,96.564
2SNI,0,Rigid,0.758652793307626,0.7917864307606576,2,2,96.63
2UUY,0,Rigid,0.794813691486348,0.8262846633091137,2,3,96.948
2VDB,0,Rigid,0.7748659658727295,0.8201550171315384,2,3,96.142
2VIS,1,Rigid,0.006634654214354473,0.03206066396572556,0,0,87.356
2VXT,1,Rigid,0.5687809200722155,0.5936377116404912,2,2,93.995
2W9E,1,Rigid,0.00574584242078746,0.46156070641862434,0,1,76.047
2X9A,0,Rigid,0.7933515869718981,0.8010812803359764,2,3,96.156
2YVJ,0,Rigid,0.1191561401800494,0.45109425095577577,0,1,92.988
3A4S,0,Rigid,0.6533570310419413,0.6722297286486121,2,2,89.391
3BIW,0,Rigid,0.05949236364819814,0.061842636278781615,0,0,90.057
3BP8,0,Rigid,0.0010752016650154375,0.27057162638761056,0,1,58.842
3D5S,0,Rigid,0.5628085972363766,0.6017630137530017,2,2,93.773
3EOA,1,Rigid,0.0036779053920136325,0.05530880567742686,0,0,74.589
3H2V,0,Rigid,0.022095833617469383,0.48737089190368554,0,1,81.131
3HMX,1,Rigid,0.002929515688482238,0.02520359523691531,0,0,77.309
3K75,0,Rigid,0.7503706778773934,0.7787048400171231,2,2,95.9
3LVK,0,Rigid,0.42559113454002717,0.5740132762770624,1,2,93.048
3MJ9,1,Rigid,0.024101854405486685,0.1051370388785445,0,0,82.487
3MXW,1,Rigid,0.007157498931671709,0.008776495381410265,0,0,82.775
3P57,0,Rigid,0.006978403250027864,0.6793252534156016,0,2,69.59
3PC8,0,Rigid,0.7649197505091757,0.7810409055662587,2,2,97.695
3RVW,1,Rigid,0.009067800378685851,0.10104127683711628,0,0,81.874
3SE8,1,Rigid,0.4373136620856912,0.4351434104677724,1,1,84.711
3SGQ,0,Rigid,0.6540606904117803,0.6574360145407463,2,2,95.178
3U7Y,1,Rigid,0.5916685904666491,0.6173257933884184,2,2,86.806
3VLB,0,Rigid,0.7518641797566226,0.8008515869718982,2,3,97.26
3WD5,1,Rigid,0.008551904752062378,0.008232852948681174,0,0,83.63
4CPA,0,Rigid,0.45458953024351534,0.5311566573446461,1,2,93.163
4DN4,1,Rigid,0.007419509011320153,0.0075222272286451985,0,0,88.132
4FP8,1,Rigid,0.0044656750176813925,0.11365419569097349,0,0,74.2
4FQI,1,Rigid,0.003167217522745528,0.0033073845836554335,0,0,58.78
4G6J,1,Rigid,0.008112645342548339,0.20625479014760595,0,0,77.364
4G6M,1,Rigid,0.03620875620372614,0.23596861654627282,0,1,82.31
4GXU,1,Rigid,0.0032736841027359593,0.003323529472848137,0,0,74.209
4H03,0,Rigid,0.37984498459425664,0.5009251219094023,1,2,84.224
4HX3,0,Rigid,0.004542844016201195,0.004634434489248903,0,0,89.764
4M5Z,1,Rigid,0.7550843371281011,0.6864326743539131,2,2,86.881
4M76,0,Rigid,0.0028129686124411467,0.13259376837837328,0,0,79.567
4Y7M,1,Rigid,0.1606612825334726,0.23855935088975666,0,1,79.68
5GRJ,1,Rigid,0.02551453638061004,0.250394518301012,0,1,83.654
5JMO,1,Rigid,0.004649868536436808,0.10856640948404431,0,0,79.323
5O14,1,Rigid,0.0033993368724710826,0.15440563211503894,0,0,83.801
5O1R,1,Rigid,0.7279954837128912,0.7584622294169324,2,2,90.789
5SV3,1,Rigid,0.7326810422470846,0.750882766206062,2,2,94.597
5WK3,1,Rigid,0.005068899089726651,0.03797582149031758,0,0,82.706
5WUX,1,Rigid,0.008730574200785388,0.2028005763586704,0,0,81.034
5X0T,1,Rigid,0.7633069177174525,0.7249717772568331,2,2,89.185
5Y9J,1,Rigid,0.055444339757943155,0.3262649826276599,0,1,78.496
6A77,1,Rigid,0.48354044668873797,0.5208550783015999,1,2,91.684
6B0S,1,Rigid,0.6244964336338094,0.6626279365276142,2,2,90.373
6BPC,1,Rigid,0.10600944853995815,0.14146973345728198,0,0,80.885
6CWG,1,Rigid,0.3511286769375648,0.5759464023751177,1,2,79.901
6DBG,1,Rigid,0.01273079517112452,0.2634773101429513,0,1,76.302
6OC3,1,Rigid,0.027679577500473614,0.14070703628055906,0,0,84.492
7CEI,0,Rigid,0.7183445212760826,0.7420570027910971,2,2,96.374