,PDB1,Bound_Unbound,Max_Seq_H_ID_TrainvBenchmark,Max_Seq_L_ID_TrainvBenchmark,Max_Seq_H_ID_Benchmark_v_Benchmark,Max_Seq_L_ID_Benchmark_v_Benchmark
0,8ja5_0.pdb,bound,0.8403361344537815,0.9553571428571428,0.7672413793103449,0.9642857142857144
1,8yx1_0.pdb,bound,0.8833333333333333,0.9626168224299064,0.75,0.9433962264150944
2,8sic_1.pdb,bound,0.7851239669421488,0.8288288288288288,1.0,1.0
3,8uky_1.pdb,bound,0.859504132231405,0.9528301886792452,0.7804878048780488,0.822429906542056
4,8p6i_1.pdb,bound,0.8442622950819673,0.9646017699115044,0.7622950819672131,0.9203539823008848
5,8too_0.pdb,bound,0.85,0.9626168224299064,0.7916666666666666,0.7102803738317757
6,8tbq_1.pdb,bound,0.848,0.9351851851851852,0.7868852459016393,0.8611111111111112
7,8r1d_0.pdb,bound,0.8677685950413223,0.8867924528301887,0.8048780487804879,0.7222222222222222
8,8sdf_1.pdb,bound,0.8503937007874016,0.963963963963964,0.8503937007874016,0.7657657657657657
9,8sdg_1.pdb,bound,0.7096774193548387,0.8532110091743119,0.6774193548387096,0.8348623853211009
10,8jel_0.pdb,bound,0.865546218487395,0.8878504672897196,1.0,1.0
11,8jel_2.pdb,bound,0.865546218487395,0.8878504672897196,1.0,1.0
12,8jen_0.pdb,bound,0.865546218487395,0.8878504672897196,1.0,1.0
13,8jen_2.pdb,bound,0.865546218487395,0.8878504672897196,1.0,1.0
14,8jeo_1.pdb,bound,0.8571428571428571,0.9557522123893806,0.5503875968992248,0.7964601769911505
15,8cin_0.pdb,bound,0.8016528925619835,0.9357798165137616,0.7272727272727273,0.8181818181818182
16,7q6e_0.pdb,bound,0.864406779661017,0.9541284403669724,0.7288135593220338,0.9174311926605504
17,8hp9_0.pdb,bound,0.7109375,0.925925925925926,0.515625,0.8703703703703703
18,8hp9_1.pdb,bound,0.859504132231405,0.908256880733945,0.8264462809917356,0.8623853211009175
19,8hpv_0.pdb,bound,0.860655737704918,0.908256880733945,0.819672131147541,0.8623853211009175
20,8acf_0.pdb,bound,0.8135593220338984,0.8738738738738738,0.7815126050420168,0.7567567567567568
21,8fhy_1.pdb,bound,0.8205128205128205,0.8785046728971962,0.8,0.8504672897196262
22,8fhy_2.pdb,bound,0.8205128205128205,0.8785046728971962,0.8,0.8504672897196262
23,8che_1.pdb,bound,0.8260869565217391,0.8839285714285714,0.773109243697479,0.8839285714285714
24,7x1m_1.pdb,bound,1.0,1.0,0.8305084745762712,0.8691588785046729
25,8dw2_0.pdb,bound,1.0,1.0,0.7559055118110236,0.8518518518518519
26,7xco_0.pdb,bound,1.0,1.0,0.7559055118110236,0.8518518518518519
27,8df5_0.pdb,bound,1.0,1.0,0.7559055118110236,0.8518518518518519
28,8df5_1.pdb,bound,1.0,1.0,0.7559055118110236,0.8518518518518519
29,7x1m_0.pdb,bound,1.0,1.0,0.7559055118110236,0.8518518518518519
30,8f95_1.pdb,bound,0.824,0.9439252336448598,0.8130081300813008,0.9150943396226416
31,8f9f_0.pdb,bound,0.824,0.9439252336448598,0.8130081300813008,0.9150943396226416
32,8f9f_1.pdb,bound,0.824,0.9439252336448598,0.8130081300813008,0.9150943396226416
33,8f9s_0.pdb,bound,0.824,0.9439252336448598,0.8130081300813008,0.9150943396226416
34,8f9s_1.pdb,bound,0.824,0.9439252336448598,0.8130081300813008,0.9150943396226416
35,8f9t_0.pdb,bound,0.824,0.9439252336448598,0.8130081300813008,0.9150943396226416
36,8f9t_1.pdb,bound,0.824,0.9439252336448598,0.8130081300813008,0.9150943396226416
37,8f9v_1.pdb,bound,0.8442622950819673,0.9813084112149532,0.8455284552845529,0.9433962264150944
38,8f9v_2.pdb,bound,0.8442622950819673,0.9813084112149532,0.8455284552845529,0.9433962264150944
39,8f9v_3.pdb,bound,0.8442622950819673,0.9813084112149532,0.8455284552845529,0.9433962264150944
40,8f9w_0.pdb,bound,0.8442622950819673,0.9813084112149532,0.8455284552845529,0.9433962264150944
41,8f9w_1.pdb,bound,0.8442622950819673,0.9813084112149532,0.8455284552845529,0.9433962264150944
42,8f9w_2.pdb,bound,0.8442622950819673,0.9813084112149532,0.8455284552845529,0.9433962264150944
43,8f9w_3.pdb,bound,0.8442622950819673,0.9813084112149532,0.8455284552845529,0.9433962264150944
44,8fa6_0.pdb,bound,0.848,0.9339622641509434,0.824,0.9056603773584906
45,8fb6_0.pdb,bound,0.848,0.9339622641509434,0.824,0.9056603773584906
46,8fb7_0.pdb,bound,0.848,0.9339622641509434,0.824,0.9056603773584906
47,8fb7_1.pdb,bound,0.848,0.9339622641509434,0.824,0.9056603773584906
48,8fa8_0.pdb,bound,0.7984496124031008,0.9345794392523364,0.7906976744186046,0.9339622641509434
49,8fba_1.pdb,bound,0.8145161290322581,0.9245283018867924,0.7580645161290323,0.8878504672897196
50,8oxw_0.pdb,bound,0.8852459016393442,0.9454545454545454,0.7398373983739838,0.6545454545454545
51,8oxx_0.pdb,bound,0.8852459016393442,0.9454545454545454,0.7398373983739838,0.6545454545454545
52,8oxy_0.pdb,bound,0.8852459016393442,0.9454545454545454,0.7398373983739838,0.6545454545454545
53,8f5i_0.pdb,bound,0.7622950819672131,0.908256880733945,0.7295081967213115,0.8165137614678899
54,7tow_0.pdb,bound,0.7651515151515151,0.8981481481481481,0.7121212121212122,0.8333333333333334
55,7tow_1.pdb,bound,0.7651515151515151,0.8981481481481481,0.7121212121212122,0.8333333333333334
56,8fym_1.pdb,bound,0.8536585365853658,0.9557522123893806,1.0,1.0
57,8fym_2.pdb,bound,0.8536585365853658,0.9557522123893806,1.0,1.0
58,8gy5_1.pdb,bound,0.8547008547008547,0.8598130841121495,0.7851239669421488,0.7777777777777778
59,8t03_0.pdb,bound,0.875,0.97196261682243,0.5583333333333333,0.6728971962616822
60,8j7t_0.pdb,bound,0.8907563025210085,0.90990990990991,0.7372881355932204,0.8108108108108109
61,8szy_3.pdb,bound,0.8372093023255814,0.981651376146789,0.7131782945736435,0.8623853211009175
62,7yi6_1.pdb,bound,0.7899159663865546,0.9537037037037036,0.9915966386554622,0.9818181818181818
63,8e6j_0.pdb,bound,0.784,0.9065420560747663,0.68,0.8598130841121495
64,7yiz_1.pdb,bound,0.6521739130434783,0.9065420560747663,0.5341614906832298,0.8504672897196262
65,8elq_0.pdb,bound,1.0,1.0,0.8559322033898306,0.8807339449541285
66,8e1g_1.pdb,bound,0.905982905982906,0.9252336448598132,0.8389830508474576,0.897196261682243
67,8d9y_0.pdb,bound,0.7265625,0.897196261682243,0.6746031746031746,0.8598130841121495
68,8d9z_0.pdb,bound,0.7265625,0.897196261682243,0.6746031746031746,0.8598130841121495
69,8da0_0.pdb,bound,0.7265625,0.897196261682243,0.6746031746031746,0.8598130841121495
70,8da0_1.pdb,bound,0.7265625,0.897196261682243,0.6746031746031746,0.8598130841121495
71,8da1_0.pdb,bound,0.7265625,0.897196261682243,0.6746031746031746,0.8598130841121495
72,8eoo_2.pdb,bound,0.9916666666666668,1.0,0.7333333333333333,0.6636363636363637
73,8eoo_1.pdb,bound,0.9112903225806452,0.9553571428571428,0.8548387096774194,0.8928571428571429
74,7xeg_0.pdb,bound,0.9663865546218487,0.9541284403669724,0.8487394957983193,0.8715596330275229
75,7xei_0.pdb,bound,0.9663865546218487,0.9541284403669724,0.8487394957983193,0.8715596330275229
76,8g3p_0.pdb,bound,0.734375,0.9074074074074074,0.671875,0.8796296296296297
77,7qt0_1.pdb,bound,0.8524590163934426,0.9532710280373832,0.7540983606557377,0.9252336448598132
78,7qt0_2.pdb,bound,0.8524590163934426,0.9532710280373832,0.7540983606557377,0.9252336448598132
79,7qt0_3.pdb,bound,0.8524590163934426,0.9532710280373832,0.7540983606557377,0.9252336448598132
80,7qt0_4.pdb,bound,0.8524590163934426,0.9532710280373832,0.7540983606557377,0.9252336448598132
81,7qt0_5.pdb,bound,0.8524590163934426,0.9532710280373832,0.7540983606557377,0.9252336448598132
82,7qt2_1.pdb,bound,0.8448275862068966,0.9626168224299064,0.773109243697479,0.9065420560747663
83,7qt3_1.pdb,bound,0.8666666666666667,0.9813084112149532,0.7666666666666667,0.9252336448598132
84,8cwk_0.pdb,bound,0.907563025210084,0.9532710280373832,0.8429752066115702,0.8130841121495327
85,8dxu_0.pdb,bound,0.907563025210084,0.9532710280373832,0.8429752066115702,0.8130841121495327
86,8cwj_1.pdb,bound,1.0,1.0,0.7647058823529411,0.7876106194690266
87,8dw2_1.pdb,bound,1.0,1.0,0.7563025210084033,0.7876106194690266
88,8cwj_3.pdb,bound,0.8487394957983193,0.9158878504672896,0.8151260504201681,0.8785046728971962
89,8gb8_0.pdb,bound,0.7768595041322314,0.8691588785046729,0.71900826446281,0.8037383177570093
90,7zqt_1.pdb,bound,0.675,0.9813084112149532,0.6166666666666667,0.9166666666666666
91,8hn6_0.pdb,bound,0.9230769230769232,0.9252336448598132,0.8389830508474576,0.8411214953271028
92,7xrz_1.pdb,bound,1.0,1.0,0.7704918032786885,0.6542056074766355
93,8cbz_0.pdb,bound,0.865546218487395,0.8846153846153846,0.7647058823529411,0.839622641509434
94,8cby_0.pdb,bound,0.865546218487395,0.8846153846153846,0.7647058823529411,0.839622641509434
95,8fg0_1.pdb,bound,0.875,0.9380530973451328,0.8130081300813008,0.8839285714285714
96,8heb_0.pdb,bound,0.811965811965812,0.7727272727272727,0.6752136752136753,0.6785714285714286
97,7uow_1.pdb,bound,0.9401709401709402,0.925925925925926,0.8389830508474576,0.8888888888888888
98,7wn2_1.pdb,bound,0.8524590163934426,0.9439252336448598,0.7704918032786885,0.897196261682243
99,7wnb_0.pdb,bound,0.923728813559322,0.9357798165137616,0.8305084745762712,0.8703703703703703
100,8i5h_1.pdb,bound,0.923728813559322,0.9357798165137616,0.8305084745762712,0.8703703703703703
101,8i5h_2.pdb,bound,0.923728813559322,0.9357798165137616,0.8305084745762712,0.8703703703703703
102,7xj6_0.pdb,bound,0.8455284552845529,0.97196261682243,0.7272727272727273,0.9439252336448598
103,7xj6_2.pdb,bound,1.0,0.9814814814814816,0.8373983739837398,0.8611111111111112
104,7zjl_1.pdb,bound,1.0,0.9818181818181818,0.8429752066115702,0.8818181818181818
105,8dto_0.pdb,bound,0.873015873015873,0.8888888888888888,0.746031746031746,0.7545454545454545
106,8sar_0.pdb,bound,1.0,0.9818181818181818,0.6825396825396826,0.7636363636363637
107,8sas_1.pdb,bound,0.9921259842519684,0.9818181818181818,0.7086614173228346,0.7272727272727273
108,8sas_2.pdb,bound,0.9921259842519684,0.9818181818181818,0.7086614173228346,0.7272727272727273
109,8sav_0.pdb,bound,1.0,1.0,0.5163934426229508,0.6574074074074074
110,8saw_0.pdb,bound,0.992063492063492,1.0,0.8650793650793651,0.8727272727272727
111,8sax_0.pdb,bound,1.0,1.0,0.8661417322834646,0.8727272727272727
112,8say_0.pdb,bound,0.9921259842519684,0.990909090909091,0.7142857142857143,0.7909090909090909
113,8sb0_0.pdb,bound,0.8968253968253969,0.9818181818181818,0.8095238095238095,0.8545454545454545
114,8sb1_0.pdb,bound,0.937007874015748,0.9636363636363636,0.8095238095238095,0.8545454545454545
115,8sb2_0.pdb,bound,0.9365079365079364,0.9363636363636364,0.7380952380952381,0.8090909090909091
116,8sb3_0.pdb,bound,0.7857142857142857,0.9363636363636364,0.7063492063492064,0.8363636363636363
117,8sb5_0.pdb,bound,0.9291338582677166,0.9181818181818182,0.7222222222222222,0.7909090909090909
118,7ufn_0.pdb,bound,0.9834710743801652,1.0,0.768595041322314,0.7964601769911505
119,7ufq_0.pdb,bound,0.9917355371900828,1.0,0.768595041322314,0.7876106194690266
120,8gzz_0.pdb,bound,0.7950819672131147,0.8363636363636363,0.7213114754098361,0.7321428571428571
121,7upb_0.pdb,bound,0.8666666666666667,0.9158878504672896,0.725,0.8130841121495327
122,7upk_0.pdb,bound,0.8305084745762712,0.9439252336448598,0.8290598290598291,0.719626168224299
123,8f0l_1.pdb,bound,0.8305084745762712,0.9026548672566372,0.7457627118644068,0.8660714285714286
124,8bcz_2.pdb,bound,1.0,1.0,0.8699186991869918,0.9074074074074074
125,8c3v_1.pdb,bound,0.8571428571428571,0.9252336448598132,0.6666666666666666,0.8611111111111112
126,8c3v_2.pdb,bound,0.8571428571428571,0.9252336448598132,0.6666666666666666,0.8611111111111112
127,8ek1_2.pdb,bound,0.9916666666666668,1.0,0.7886178861788617,0.8878504672897196
128,8ek1_1.pdb,bound,0.9916666666666668,1.0,0.7886178861788617,0.8878504672897196
129,7ru5_0.pdb,bound,0.8629032258064516,0.9626168224299064,0.7338709677419355,0.8888888888888888
130,7ru3_0.pdb,bound,0.853448275862069,0.97196261682243,0.7264957264957265,0.8990825688073395
131,7u0x_1.pdb,bound,0.8449612403100775,0.9636363636363636,0.813953488372093,0.6636363636363637
132,7x3n_1.pdb,bound,0.8947368421052632,0.9065420560747663,0.8050847457627118,0.8504672897196262
133,7x3n_0.pdb,bound,0.8947368421052632,0.9065420560747663,0.8050847457627118,0.8504672897196262
134,7y0g_1.pdb,bound,0.8947368421052632,0.9065420560747663,0.8050847457627118,0.8504672897196262
135,7xcz_1.pdb,bound,0.8666666666666667,0.9351851851851852,0.784,0.8703703703703703
136,7xdb_0.pdb,bound,0.8907563025210085,0.9439252336448598,0.773109243697479,0.9339622641509434
137,7xdk_1.pdb,bound,0.88,0.9722222222222222,0.8617886178861789,0.897196261682243
138,8dg9_0.pdb,bound,0.8264462809917356,0.8738738738738738,0.7583333333333333,0.8108108108108109
139,7uvh_1.pdb,bound,0.8278688524590164,0.9166666666666666,0.7560975609756098,0.7981651376146789
140,7z2m_1.pdb,bound,0.9338842975206612,0.9345794392523364,0.8319327731092437,0.8504672897196262
141,7z2m_2.pdb,bound,0.9338842975206612,0.9345794392523364,0.8319327731092437,0.8504672897196262
142,7z2m_3.pdb,bound,0.9338842975206612,0.9345794392523364,0.8319327731092437,0.8504672897196262
143,7x8p_0.pdb,bound,0.7698412698412699,0.7547169811320755,0.746031746031746,0.6851851851851852
144,7x8t_0.pdb,bound,0.7698412698412699,0.8018867924528302,0.753968253968254,0.7222222222222222
145,8hhx_0.pdb,bound,0.9090909090909092,0.972972972972973,0.8536585365853658,0.6636363636363637
146,7ycl_1.pdb,bound,0.8688524590163934,0.925925925925926,0.7622950819672131,0.8878504672897196
147,8hhz_1.pdb,bound,0.8677685950413223,0.963963963963964,0.744,0.6727272727272727
148,8hhz_0.pdb,bound,0.8677685950413223,0.963963963963964,0.744,0.6727272727272727
149,7tn9_0.pdb,bound,0.875,0.9734513274336284,0.7899159663865546,0.7964601769911505
150,8dxu_1.pdb,bound,0.8524590163934426,0.9,0.7666666666666667,0.8818181818181818
151,8db4_3.pdb,bound,0.7933884297520661,0.8981481481481481,0.7272727272727273,0.8333333333333334
152,8hc3_1.pdb,bound,0.8888888888888888,0.9166666666666666,0.8305084745762712,0.8333333333333334
153,8hc4_1.pdb,bound,0.8888888888888888,0.9166666666666666,0.8305084745762712,0.8333333333333334
154,7wh8_0.pdb,bound,0.859504132231405,0.97196261682243,0.7459016393442623,0.8598130841121495
155,7x25_2.pdb,bound,0.8099173553719008,0.9722222222222222,0.7083333333333334,0.8981481481481481
156,7x25_0.pdb,bound,0.8099173553719008,0.9722222222222222,0.7083333333333334,0.8981481481481481
157,8fbw_0.pdb,bound,0.7751937984496124,0.9090909090909092,0.7286821705426356,0.7747747747747747
158,7t86_1.pdb,bound,0.7833333333333333,0.9532710280373832,0.7,0.8888888888888888
159,7t86_2.pdb,bound,0.7833333333333333,0.9532710280373832,0.7,0.8888888888888888
160,7u63_1.pdb,bound,0.8292682926829268,0.981651376146789,0.7723577235772358,0.9908256880733946
161,7uzc_0.pdb,bound,0.8373983739837398,0.9369369369369368,0.7642276422764228,0.8198198198198198
162,7wcp_0.pdb,bound,0.9401709401709402,0.8878504672897196,0.8305084745762712,0.8785046728971962
163,7wti_1.pdb,bound,0.8907563025210085,0.8623853211009175,0.5169491525423728,0.8
164,7wti_0.pdb,bound,0.8907563025210085,0.8623853211009175,0.5169491525423728,0.8
165,7wur_0.pdb,bound,0.8403361344537815,0.9722222222222222,0.788135593220339,0.8990825688073395
166,8d47_1.pdb,bound,0.7307692307692307,0.9074074074074074,0.7153846153846154,0.8796296296296297
167,7u5b_1.pdb,bound,0.75,0.8468468468468469,0.7083333333333334,0.7818181818181819
168,7wtf_1.pdb,bound,0.8666666666666667,0.9158878504672896,0.7083333333333334,0.8411214953271028
169,7wtf_2.pdb,bound,0.8666666666666667,0.9158878504672896,0.7083333333333334,0.8411214953271028
170,7wtg_0.pdb,bound,0.8666666666666667,0.9158878504672896,0.7083333333333334,0.8411214953271028
171,7wtj_0.pdb,bound,0.8305084745762712,0.9541284403669724,0.7966101694915254,0.7297297297297297
172,7uz4_0.pdb,bound,0.825,0.9439252336448598,0.725,0.7476635514018691
173,7uz6_0.pdb,bound,0.8333333333333334,0.897196261682243,0.7226890756302521,0.5981308411214953
174,7uz7_0.pdb,bound,0.8275862068965517,0.9469026548672568,0.7603305785123967,0.8230088495575221
175,7uz8_0.pdb,bound,0.8275862068965517,0.9469026548672568,0.7603305785123967,0.8230088495575221
176,7sx7_1.pdb,bound,0.8661417322834646,0.9896907216494846,0.5905511811023622,0.5909090909090909
177,8d29_1.pdb,bound,1.0,1.0,0.856,0.9532710280373832
178,8d29_2.pdb,bound,1.0,1.0,0.856,0.9532710280373832
179,8d29_3.pdb,bound,1.0,1.0,0.856,0.9532710280373832
180,8dk7_0.pdb,bound,1.0,1.0,0.856,0.9532710280373832
181,8dk7_1.pdb,bound,1.0,1.0,0.856,0.9532710280373832
182,7t17_0.pdb,bound,0.8373983739837398,0.9363636363636364,0.7154471544715447,0.7297297297297297
183,7sww_0.pdb,bound,0.85,0.9380530973451328,0.768595041322314,0.9026548672566372
184,7umm_0.pdb,bound,0.8677685950413223,0.954954954954955,0.7936507936507936,0.8288288288288288
185,7uym_0.pdb,bound,0.848,0.9528301886792452,1.0,1.0
186,7xy8_1.pdb,bound,0.8717948717948718,0.8878504672897196,0.8095238095238095,0.8504672897196262
187,7zxu_0.pdb,bound,1.0,1.0,0.8220338983050848,0.8425925925925926
188,8dtx_0.pdb,bound,0.8135593220338984,0.8909090909090909,0.8050847457627118,0.8818181818181818
189,7wg3_1.pdb,bound,0.8290598290598291,0.9433962264150944,0.7478991596638656,0.9245283018867924
190,7wg3_2.pdb,bound,0.8290598290598291,0.9433962264150944,0.7478991596638656,0.9245283018867924
191,7vtj_0.pdb,bound,1.0,1.0,0.7967479674796748,0.4827586206896552
192,7fgr_0.pdb,bound,1.0,1.0,0.7967479674796748,0.4827586206896552
193,7zxk_1.pdb,bound,0.8650793650793651,0.956140350877193,0.7698412698412699,0.7964601769911505
194,7wbh_0.pdb,bound,0.864406779661017,0.897196261682243,0.8067226890756303,0.8504672897196262
195,7yr1_0.pdb,bound,0.8253968253968254,0.9345794392523364,0.7777777777777778,0.8584905660377359
196,7yr0_0.pdb,bound,0.991869918699187,1.0,0.7479674796747967,0.8518518518518519
197,7uvf_1.pdb,bound,0.8305084745762712,0.8785046728971962,0.7815126050420168,0.8130841121495327
198,7s7i_1.pdb,bound,0.8688524590163934,0.9906542056074766,0.8130081300813008,0.8899082568807339
199,7s7i_2.pdb,bound,0.8688524590163934,0.9906542056074766,0.8130081300813008,0.8899082568807339
200,7s7i_3.pdb,bound,0.8688524590163934,0.9906542056074766,0.8130081300813008,0.8899082568807339
201,7s7i_4.pdb,bound,0.8688524590163934,0.9906542056074766,0.8130081300813008,0.8899082568807339
202,7s7i_5.pdb,bound,0.8688524590163934,0.9906542056074766,0.8130081300813008,0.8899082568807339
203,7zlk_0.pdb,bound,0.6916666666666667,0.8839285714285714,0.64,0.875
204,7tjq_0.pdb,bound,0.7258064516129032,0.9252336448598132,0.7063492063492064,0.9065420560747663
205,7tjq_3.pdb,bound,0.8306451612903226,0.9181818181818182,0.7338709677419355,0.8272727272727273
206,7tl0_0.pdb,bound,0.8264462809917356,0.8878504672897196,0.7416666666666667,0.8037383177570093
207,7sjn_1.pdb,bound,0.7863247863247863,0.9150943396226416,0.9831932773109244,1.0
208,7sjn_0.pdb,bound,0.7863247863247863,0.9150943396226416,0.9831932773109244,1.0
209,7sjp_0.pdb,bound,0.7899159663865546,0.9150943396226416,1.0,1.0
210,7ukt_1.pdb,bound,1.0,1.0,0.8760330578512396,0.6728971962616822
211,7ukt_0.pdb,bound,1.0,1.0,0.8760330578512396,0.6728971962616822
212,8dzh_0.pdb,bound,0.9338842975206612,0.9907407407407408,0.8235294117647058,0.908256880733945
213,7upl_1.pdb,bound,0.8907563025210085,0.9444444444444444,0.8151260504201681,0.8796296296296297
214,7sts_1.pdb,bound,0.9152542372881356,0.9636363636363636,0.7833333333333333,0.7747747747747747
215,7wcd_0.pdb,bound,0.8968253968253969,0.972972972972973,0.8809523809523809,0.8648648648648649
216,7qti_0.pdb,bound,0.8253968253968254,0.9065420560747663,0.696,0.822429906542056
217,7qti_2.pdb,bound,1.0,1.0,0.8130081300813008,0.8981481481481481
218,7tcq_1.pdb,bound,0.8333333333333334,0.9245283018867924,0.7008547008547008,0.8584905660377359
219,7vgr_0.pdb,bound,0.8583333333333333,0.963963963963964,0.7704918032786885,0.8288288288288288
220,7vgs_0.pdb,bound,0.8823529411764706,0.9369369369369368,0.7142857142857143,0.90990990990991
221,8df5_3.pdb,bound,0.9916666666666668,1.0,0.775,0.8888888888888888
222,8d6z_0.pdb,bound,0.7520661157024794,0.8796296296296297,0.7398373983739838,0.7777777777777778
223,7sl5_2.pdb,bound,0.696969696969697,0.9629629629629628,0.6666666666666666,0.8518518518518519
224,7woa_1.pdb,bound,0.784,0.925925925925926,0.7,0.8611111111111112
225,7woa_0.pdb,bound,0.784,0.925925925925926,0.7,0.8611111111111112
226,7wob_2.pdb,bound,0.784,0.925925925925926,0.7,0.8611111111111112
227,7x6a_0.pdb,bound,0.7983193277310925,0.8899082568807339,0.7394957983193278,0.8623853211009175
228,7wpe_0.pdb,bound,0.902439024390244,0.9345794392523364,0.7398373983739838,0.8878504672897196
229,7su0_1.pdb,bound,0.9745762711864406,0.9722222222222222,0.8617886178861789,0.8807339449541285
230,7zwi_1.pdb,bound,0.8512396694214877,0.9339622641509434,0.7833333333333333,0.8490566037735849
231,7q0i_1.pdb,bound,0.8809523809523809,0.9174311926605504,0.8253968253968254,0.8518518518518519
232,7sob_0.pdb,bound,1.0,0.95,0.7619047619047619,0.7962962962962963
233,7sob_2.pdb,bound,1.0,0.9906542056074766,0.8292682926829268,0.8691588785046729
234,7q4q_1.pdb,bound,0.8571428571428571,0.8828828828828829,0.7542372881355932,0.7747747747747747
235,7so9_0.pdb,bound,1.0,1.0,0.7936507936507936,0.8796296296296297
236,7so9_1.pdb,bound,1.0,0.9906542056074766,0.8292682926829268,0.8785046728971962
237,8sef_0.pdb,unbound,0.7851239669421488,0.8288288288288288,1.0,1.0
238,8jep_0.pdb,unbound,0.865546218487395,0.8878504672897196,1.0,1.0
239,8jep_1.pdb,unbound,0.865546218487395,0.8878504672897196,1.0,1.0
240,8ppm_0.pdb,unbound,0.8512396694214877,0.9252336448598132,0.8429752066115702,0.9158878504672896
241,7uqc_0.pdb,unbound,1.0,1.0,0.7521367521367521,0.8928571428571429
242,8fwf_0.pdb,unbound,0.8536585365853658,0.9557522123893806,1.0,1.0
243,7u62_0.pdb,unbound,0.8292682926829268,0.9908256880733946,0.7479674796747967,0.9908256880733946
244,7uyl_0.pdb,unbound,0.848,0.9528301886792452,1.0,1.0
245,7sjm_0.pdb,unbound,0.7899159663865546,0.9150943396226416,1.0,1.0
246,7rpt_0.pdb,unbound,0.8103448275862069,0.8928571428571429,0.7815126050420168,0.8571428571428571
247,7rpt_1.pdb,unbound,0.8103448275862069,0.8928571428571429,0.7815126050420168,0.8571428571428571
248,7rpt_2.pdb,unbound,0.8103448275862069,0.8928571428571429,0.7815126050420168,0.8571428571428571
249,7rpt_3.pdb,unbound,0.8103448275862069,0.8928571428571429,0.7815126050420168,0.8571428571428571
250,8c67_1.pdb,unbound,0.8780487804878049,0.9532710280373832,0.8699186991869918,0.9444444444444444
251,8c67_2.pdb,unbound,0.8780487804878049,0.9532710280373832,0.8699186991869918,0.9444444444444444
252,8c67_3.pdb,unbound,0.8780487804878049,0.9532710280373832,0.8699186991869918,0.9444444444444444
253,8sgg_1.pdb,unbound,0.7674418604651163,0.896551724137931,0.7596899224806202,0.5517241379310345
254,8w9h_1.pdb,unbound,0.8278688524590164,0.972972972972973,0.7786885245901639,0.927927927927928
255,8ojs_0.pdb,unbound,0.9917355371900828,1.0,0.743801652892562,0.8918918918918919
256,8ojs_1.pdb,unbound,0.9917355371900828,1.0,0.743801652892562,0.8918918918918919
257,8ojt_0.pdb,unbound,0.9917355371900828,1.0,0.743801652892562,0.8918918918918919
258,8oju_0.pdb,unbound,0.9917355371900828,1.0,0.743801652892562,0.8918918918918919
259,8ojv_0.pdb,unbound,0.9917355371900828,1.0,0.743801652892562,0.8918918918918919
260,8tjf_0.pdb,unbound,1.0,1.0,0.819672131147541,0.9252336448598132
261,8tjf_1.pdb,unbound,1.0,1.0,0.819672131147541,0.9252336448598132
262,8g1b_1.pdb,unbound,0.8278688524590164,0.8938053097345132,0.819672131147541,0.8839285714285714
263,8g1c_1.pdb,unbound,0.8181818181818182,0.9629629629629628,0.7950819672131147,0.925925925925926
264,8ef3_0.pdb,unbound,0.859504132231405,0.9166666666666666,0.8319327731092437,0.8796296296296297
265,8eqa_0.pdb,unbound,0.6885245901639344,0.925925925925926,0.6639344262295082,0.9174311926605504
266,8dkf_1.pdb,unbound,0.746031746031746,0.8482142857142857,0.72,0.8125
267,8jbj_1.pdb,unbound,0.819672131147541,0.8679245283018868,0.7950819672131147,0.8773584905660378
268,8c7v_0.pdb,unbound,0.8067226890756303,0.8317757009345794,0.7622950819672131,0.822429906542056
269,8gbv_1.pdb,unbound,0.697841726618705,0.926605504587156,0.6762589928057554,0.9174311926605504
270,7s08_0.pdb,unbound,0.792,0.925925925925926,0.784,0.9074074074074074
271,7ra7_1.pdb,unbound,0.9831932773109244,0.9823008849557522,0.7377049180327869,0.7168141592920354
272,7t0j_1.pdb,unbound,1.0,1.0,0.6885245901639344,0.8761061946902655
273,7t0j_2.pdb,unbound,1.0,1.0,0.6885245901639344,0.8761061946902655
274,7t0j_0.pdb,unbound,1.0,1.0,0.6885245901639344,0.8761061946902655
275,7t0h_0.pdb,unbound,1.0,1.0,0.6885245901639344,0.8660714285714286
276,7t0g_0.pdb,unbound,1.0,1.0,0.6885245901639344,0.8660714285714286
277,7tus_1.pdb,unbound,0.9915254237288136,1.0,0.8050847457627118,0.8035714285714286
278,7tus_2.pdb,unbound,0.9915254237288136,1.0,0.8050847457627118,0.8035714285714286
279,7tqa_1.pdb,unbound,0.8925619834710744,0.9910714285714286,0.7916666666666666,1.0
280,7tqa_2.pdb,unbound,0.8925619834710744,0.9910714285714286,0.7916666666666666,1.0
281,8qrg_0.pdb,bound,0.864406779661017,0.9158878504672896,0.8135593220338984,0.8504672897196262
282,8sjk_0.pdb,bound,1.0,1.0,0.7333333333333333,0.8018018018018018
283,8sgn_0.pdb,bound,0.7540983606557377,0.9,0.775,0.8727272727272727
284,8y6i_0.pdb,bound,1.0,1.0,0.6885245901639344,0.8761061946902655
285,8v52_0.pdb,bound,0.8067226890756303,0.918918918918919,0.7647058823529411,0.8198198198198198
286,8rmo_0.pdb,bound,0.9914529914529916,1.0,0.680672268907563,0.9642857142857144
287,8tqa_0.pdb,bound,0.8376068376068376,0.9532710280373832,0.7394957983193278,0.7289719626168224
288,8og0_0.pdb,bound,0.7868852459016393,0.8035714285714286,0.7377049180327869,0.6785714285714286
289,8jyr_0.pdb,bound,0.8583333333333333,0.945945945945946,0.725,0.8108108108108109
290,8siq_0.pdb,bound,0.8110236220472441,0.9821428571428572,0.7559055118110236,0.8918918918918919
291,8siq_1.pdb,bound,1.0,1.0,0.7723577235772358,0.9174311926605504
292,8cii_0.pdb,bound,0.8278688524590164,0.897196261682243,0.7213114754098361,0.8785046728971962
293,8cii_1.pdb,bound,0.7952755905511811,0.9065420560747663,0.6904761904761905,0.8598130841121495
294,8ds7_0.pdb,bound,0.8739495798319328,0.9910714285714286,0.7815126050420168,1.0
295,8g2m_0.pdb,bound,0.8151260504201681,0.5612244897959183,0.7563025210084033,0.5283018867924528
296,8qya_0.pdb,bound,0.85,0.8703703703703703,0.7804878048780488,0.8598130841121495
297,7y3o_0.pdb,bound,0.7857142857142857,0.97196261682243,0.782258064516129,0.8981481481481481
298,8b7h_0.pdb,bound,0.875,0.9557522123893806,0.717741935483871,0.7964601769911505
299,8g4p_1.pdb,bound,0.76,0.8785046728971962,0.68,0.8425925925925926
300,8tui_0.pdb,bound,0.8861788617886179,0.963302752293578,0.746031746031746,0.8691588785046729
301,8trs_0.pdb,bound,0.9067796610169492,0.9454545454545454,0.8166666666666667,0.9363636363636364
302,8x0t_0.pdb,bound,0.7619047619047619,0.7641509433962265,0.753968253968254,0.6944444444444444
303,8tfn_0.pdb,bound,0.7899159663865546,0.8504672897196262,0.7226890756302521,0.8037383177570093
304,8w85_0.pdb,bound,0.773109243697479,0.8148148148148148,0.7478991596638656,0.7870370370370371
305,8w86_0.pdb,bound,0.7796610169491526,0.794392523364486,0.7627118644067796,0.7592592592592593
306,8w86_1.pdb,bound,0.7692307692307693,0.794392523364486,0.7457627118644068,0.7592592592592593
307,8ez3_0.pdb,bound,0.7154471544715447,0.918918918918919,0.6178861788617886,0.8198198198198198
308,8ez7_0.pdb,bound,0.7619047619047619,0.8899082568807339,0.7142857142857143,0.8532110091743119
309,8w84_0.pdb,bound,0.7642276422764228,0.8148148148148148,0.7317073170731707,0.7962962962962963
310,8f9u_0.pdb,bound,0.860655737704918,0.97196261682243,0.8292682926829268,0.9345794392523364
311,8fa9_0.pdb,bound,0.824,0.9626168224299064,0.808,0.9339622641509434
312,8fas_0.pdb,bound,0.9083333333333332,0.9380530973451328,0.8455284552845529,0.8928571428571429
313,8fb8_0.pdb,bound,0.84,0.9339622641509434,0.824,0.9056603773584906
314,8fdc_0.pdb,bound,0.8278688524590164,0.9074074074074074,0.7642276422764228,0.8073394495412844
315,8fdd_0.pdb,bound,0.8211382113821138,0.9158878504672896,0.8130081300813008,0.8773584905660378
316,8b9v_0.pdb,bound,0.8793103448275862,1.0,0.7815126050420168,0.9174311926605504
317,8h8q_0.pdb,bound,1.0,1.0,0.6974789915966386,0.8849557522123894
318,8g2o_0.pdb,bound,0.8666666666666667,0.954954954954955,0.8333333333333334,0.9369369369369368
319,8b50_0.pdb,bound,0.7966101694915254,0.8214285714285714,0.7768595041322314,0.6875
320,8eli_0.pdb,bound,0.9836065573770492,1.0,0.6904761904761905,0.8130841121495327
321,8szy_0.pdb,bound,0.8278688524590164,0.9553571428571428,0.7142857142857143,0.8035714285714286
322,8caf_0.pdb,bound,0.8943089430894309,0.9906542056074766,0.808,0.9532710280373832
323,8fgx_0.pdb,bound,0.8211382113821138,0.8785046728971962,0.7272727272727273,0.8411214953271028
324,8gho_0.pdb,bound,0.7868852459016393,0.8738738738738738,0.7622950819672131,0.8363636363636363
325,7yv1_0.pdb,bound,0.9,0.9813084112149532,0.7666666666666667,0.9065420560747663
326,7yds_0.pdb,bound,0.7768595041322314,0.8272727272727273,0.7226890756302521,0.8
327,8ol9_0.pdb,bound,0.8770491803278688,0.9532710280373832,0.7479674796747967,0.9158878504672896
328,7y8j_0.pdb,bound,0.7899159663865546,0.9454545454545454,0.9915966386554622,0.990909090909091
329,8byu_0.pdb,bound,0.824,0.9532710280373832,0.7107438016528925,0.9065420560747663
330,7zoz_0.pdb,bound,0.860655737704918,0.9906542056074766,0.7459016393442623,0.6822429906542056
331,8e8s_0.pdb,bound,0.753968253968254,0.8545454545454545,0.7063492063492064,0.8090909090909091
332,8e8y_0.pdb,bound,0.746031746031746,0.8532110091743119,0.6984126984126984,0.8
333,8a44_0.pdb,bound,0.9105691056910568,0.9532710280373832,0.7723577235772358,0.8796296296296297
334,7xjf_0.pdb,bound,0.7983870967741935,0.9252336448598132,0.7258064516129032,0.8425925925925926
335,8cwk_1.pdb,bound,0.8512396694214877,0.9252336448598132,0.7851239669421488,0.9158878504672896
336,8f6l_0.pdb,bound,0.7786885245901639,0.8272727272727273,0.743801652892562,0.6964285714285714
337,8f6o_0.pdb,bound,0.7622950819672131,0.8545454545454545,0.7131147540983607,0.8181818181818182
338,8gb6_0.pdb,bound,0.7235772357723578,0.9439252336448598,0.6666666666666666,0.8785046728971962
339,7yru_0.pdb,bound,0.7603305785123967,0.794392523364486,0.7073170731707317,0.7757009345794392
340,8bse_0.pdb,bound,0.9043478260869564,0.9158878504672896,0.8220338983050848,0.822429906542056
341,8a96_0.pdb,bound,0.8943089430894309,0.9444444444444444,0.7131147540983607,0.8715596330275229
342,8gs9_0.pdb,bound,0.8695652173913043,0.8785046728971962,0.7966101694915254,0.822429906542056
343,7txw_0.pdb,bound,0.8620689655172413,0.9642857142857144,0.7226890756302521,0.9107142857142856
344,7ufo_0.pdb,bound,0.9834710743801652,1.0,0.7583333333333333,0.7876106194690266
345,8d7e_0.pdb,bound,0.8813559322033898,1.0,0.8130081300813008,0.9174311926605504
346,8d7e_1.pdb,bound,0.825,0.9722222222222222,0.7723577235772358,0.9166666666666666
347,8dk6_0.pdb,bound,1.0,1.0,0.8512396694214877,0.9380530973451328
348,8il3_0.pdb,bound,0.7542372881355932,0.90990990990991,0.7058823529411765,0.7747747747747747
349,8bbo_0.pdb,bound,0.7563025210084033,0.897196261682243,0.6434108527131783,0.897196261682243
350,8bcz_1.pdb,bound,1.0,1.0,0.8292682926829268,0.9252336448598132
351,8eka_2.pdb,bound,0.9916666666666668,1.0,0.7886178861788617,0.8878504672897196
352,7ru4_0.pdb,bound,0.8559322033898306,0.9724770642201837,0.7372881355932204,0.908256880733945
353,7wsl_0.pdb,bound,0.9224137931034484,0.8878504672897196,0.8235294117647058,0.8411214953271028
354,7s5r_0.pdb,bound,1.0,1.0,0.7984496124031008,0.8785046728971962
355,7s5r_1.pdb,bound,0.951219512195122,1.0,0.8861788617886179,0.9174311926605504
356,7ul0_0.pdb,bound,0.9243697478991596,0.9545454545454546,0.819672131147541,0.8363636363636363
357,7ul1_0.pdb,bound,0.9152542372881356,0.9814814814814816,0.864406779661017,0.9174311926605504
358,7x66_0.pdb,bound,0.9745762711864406,0.9814814814814816,0.847457627118644,0.8981481481481481
359,8c7h_0.pdb,bound,0.8253968253968254,0.8317757009345794,0.7142857142857143,0.7850467289719626
360,7wsc_0.pdb,bound,0.8188976377952756,0.9285714285714286,0.7795275590551181,0.7410714285714286
361,7x2h_1.pdb,bound,0.8442622950819673,0.8785046728971962,0.8292682926829268,0.8504672897196262
362,7xcz_0.pdb,bound,0.88,0.9722222222222222,0.8617886178861789,0.897196261682243
363,7xda_1.pdb,bound,0.9008264462809916,0.9532710280373832,0.7851239669421488,0.9345794392523364
364,8ath_1.pdb,bound,0.7627118644067796,0.8679245283018868,0.7372881355932204,0.7850467289719626
365,7uvs_0.pdb,bound,0.8211382113821138,0.9380530973451328,0.7154471544715447,0.7876106194690266
366,7z3w_0.pdb,bound,0.940677966101695,0.9626168224299064,0.8319327731092437,0.8691588785046729
367,7yck_1.pdb,bound,0.9008264462809916,0.963963963963964,0.8455284552845529,0.6545454545454545
368,7yzj_0.pdb,bound,1.0,1.0,0.6186440677966102,0.7678571428571429
369,7tn9_1.pdb,bound,0.8888888888888888,0.9626168224299064,0.7983193277310925,0.8796296296296297
370,7yxu_0.pdb,bound,0.8512396694214877,0.9532710280373832,0.8347107438016529,0.897196261682243
371,8d48_0.pdb,bound,0.8688524590163934,0.9557522123893806,0.8347107438016529,0.8053097345132744
372,8dgu_0.pdb,bound,0.8305084745762712,0.8909090909090909,0.8376068376068376,0.7297297297297297
373,8hc7_0.pdb,bound,0.8803418803418803,0.9158878504672896,0.8220338983050848,0.8317757009345794
374,7ucx_0.pdb,bound,0.8888888888888888,0.9642857142857144,0.8803418803418803,0.875
375,8dxt_0.pdb,bound,0.8455284552845529,0.897196261682243,0.7804878048780488,0.8962264150943396
376,7xnf_0.pdb,bound,0.9914529914529916,1.0,0.847457627118644,0.9174311926605504
377,7ykj_0.pdb,bound,0.8016528925619835,0.963302752293578,0.7272727272727273,0.8899082568807339
378,8bbh_0.pdb,bound,0.8739495798319328,0.9553571428571428,0.6890756302521008,0.9107142857142856
379,7wth_0.pdb,bound,0.8907563025210085,0.8333333333333334,0.5169491525423728,0.7636363636363637
380,7uz5_0.pdb,bound,0.8032786885245902,0.9158878504672896,0.7,0.7289719626168224
381,7uza_0.pdb,bound,0.8442622950819673,0.9369369369369368,0.7295081967213115,0.8018018018018018
382,7uzb_0.pdb,bound,0.8050847457627118,0.9158878504672896,0.7058823529411765,0.822429906542056
383,7tr4_0.pdb,bound,0.9915966386554622,0.944954128440367,0.8151260504201681,0.7909090909090909
384,8dtr_1.pdb,bound,0.8220338983050848,0.8545454545454545,0.788135593220339,0.8272727272727273
385,8dtt_0.pdb,bound,0.819672131147541,0.9363636363636364,0.811965811965812,0.8909090909090909
386,7r58_0.pdb,bound,0.859504132231405,0.8928571428571429,0.8416666666666667,0.8035714285714286
387,7six_0.pdb,bound,0.765625,0.9722222222222222,0.6666666666666666,0.9444444444444444
388,7ssc_0.pdb,bound,0.9105691056910568,0.9724770642201837,0.8536585365853658,0.8703703703703703
389,8cz5_0.pdb,bound,0.8278688524590164,0.9166666666666666,0.6639344262295082,0.8598130841121495
390,7wry_0.pdb,bound,0.7815126050420168,0.8679245283018868,0.7226890756302521,0.822429906542056
391,8ds5_0.pdb,bound,0.7931034482758621,0.8490566037735849,0.7435897435897436,0.8773584905660378
392,8e7m_0.pdb,bound,0.8852459016393442,0.9626168224299064,0.7933884297520661,0.8317757009345794
393,7xw6_0.pdb,bound,0.9917355371900828,1.0,0.725,0.7117117117117117
394,7u0y_0.pdb,bound,1.0,1.0,0.856,0.9532710280373832
395,7vaz_0.pdb,bound,0.8571428571428571,0.944954128440367,0.7479674796747967,0.944954128440367
396,7wbz_0.pdb,bound,0.9401709401709402,0.9351851851851852,0.864406779661017,0.8611111111111112
397,7yad_0.pdb,bound,0.9919354838709676,0.9813084112149532,0.75,0.8333333333333334
398,8dad_0.pdb,bound,0.8861788617886179,0.9444444444444444,0.8211382113821138,0.8888888888888888
399,7x7t_0.pdb,bound,0.7851239669421488,0.918918918918919,0.71900826446281,0.8018018018018018
400,7x7t_1.pdb,bound,0.8823529411764706,0.9813084112149532,0.7142857142857143,0.7289719626168224
401,7x7t_2.pdb,bound,0.7815126050420168,0.9065420560747663,0.6638655462184874,0.7289719626168224
402,7y3j_0.pdb,bound,0.8166666666666667,0.9464285714285714,0.6974789915966386,0.8660714285714286
403,8a1e_0.pdb,bound,0.8739495798319328,0.97196261682243,0.8536585365853658,0.8878504672897196
404,7str_0.pdb,bound,0.8852459016393442,0.9907407407407408,0.7622950819672131,0.908256880733945
405,7unb_0.pdb,bound,0.7833333333333333,0.9166666666666666,0.7786885245901639,0.8532110091743119
406,7unb_1.pdb,bound,0.8346456692913385,0.897196261682243,0.7086614173228346,0.8785046728971962
407,7upx_0.pdb,bound,0.8467741935483871,0.9439252336448598,0.8015873015873016,0.8691588785046729
408,7t7b_0.pdb,bound,0.7751937984496124,0.9166666666666666,0.6666666666666666,0.8691588785046729
409,7u0a_0.pdb,bound,0.7868852459016393,0.822429906542056,0.7804878048780488,0.7850467289719626
410,8dt3_0.pdb,bound,0.8925619834710744,0.9813084112149532,0.7786885245901639,0.7289719626168224
411,8d36_0.pdb,bound,0.7258064516129032,0.9181818181818182,0.6825396825396826,0.8909090909090909
412,7skz_0.pdb,bound,0.7886178861788617,0.925925925925926,0.7560975609756098,0.925925925925926
413,7wog_0.pdb,bound,0.918032786885246,0.9369369369369368,0.8114754098360656,0.6396396396396397
414,7wp0_0.pdb,bound,0.8549618320610687,0.9821428571428572,0.7633587786259542,0.8918918918918919
415,8dcc_0.pdb,bound,1.0,1.0,0.7131782945736435,0.9545454545454546
416,7x1m_2.pdb,bound,0.9916666666666668,1.0,0.7815126050420168,0.8888888888888888
417,7szu_0.pdb,bound,1.0,1.0,0.856,0.9532710280373832
418,7tp3_0.pdb,bound,0.751937984496124,0.8598130841121495,0.703125,0.8130841121495327
419,7vux_0.pdb,bound,0.8717948717948718,0.897196261682243,0.7899159663865546,0.8130841121495327
420,7qnw_0.pdb,bound,0.8503937007874016,0.9166666666666666,0.6976744186046512,0.8888888888888888
421,7wro_0.pdb,bound,0.8135593220338984,0.8828828828828829,0.7711864406779662,0.7837837837837838
422,7q6c_0.pdb,bound,0.8050847457627118,0.8125,0.8151260504201681,0.75
423,7wgt_0.pdb,bound,1.0,1.0,0.7983193277310925,0.8240740740740741
424,7z0x_0.pdb,bound,0.8661417322834646,0.9545454545454546,0.7952755905511811,0.8454545454545455
425,7sg6_0.pdb,bound,0.9834710743801652,0.9823008849557522,0.768595041322314,0.7787610619469026
426,7uen_0.pdb,bound,1.0,1.0,0.7372881355932204,0.8660714285714286
427,7sg5_0.pdb,bound,0.9834710743801652,0.991150442477876,0.768595041322314,0.7876106194690266
428,7u2d_0.pdb,bound,0.8064516129032258,0.9285714285714286,0.782258064516129,0.8035714285714286
429,7so5_0.pdb,bound,0.743801652892562,0.9196428571428572,0.656,0.7678571428571429
430,7urq_0.pdb,bound,1.0,1.0,0.8559322033898306,0.908256880733945
431,7syy_0.pdb,bound,0.9008264462809916,0.9553571428571428,0.5950413223140496,0.9375
432,7q0g_0.pdb,bound,1.0,1.0,0.8559322033898306,0.9158878504672896
433,7st8_0.pdb,bound,0.8790322580645161,0.981981981981982,0.5537190082644629,0.8468468468468469
434,7sjs_0.pdb,bound,0.8521739130434782,0.925925925925926,0.7603305785123967,0.8796296296296297
435,7qf0_0.pdb,bound,0.9743589743589745,0.925925925925926,0.8559322033898306,0.8611111111111112
436,7t01_0.pdb,bound,0.8333333333333334,0.9252336448598132,0.4833333333333333,0.8611111111111112
437,7su1_0.pdb,bound,0.9661016949152542,0.9722222222222222,0.8617886178861789,0.8807339449541285
438,7tp4_0.pdb,bound,0.7903225806451613,0.8888888888888888,0.7580645161290323,0.8272727272727273
439,7ttm_0.pdb,bound,1.0,1.0,0.7,0.6727272727272727
440,7wrl_0.pdb,bound,0.7716535433070866,0.8703703703703703,0.6929133858267716,0.8
441,8t0o_0.pdb,unbound,0.8620689655172413,0.8125,0.6752136752136753,0.7321428571428571
442,8gkj_1.pdb,unbound,0.8617886178861789,0.954954954954955,0.7398373983739838,0.7927927927927928
443,8gkk_0.pdb,unbound,0.848,0.8738738738738738,0.8130081300813008,0.8108108108108109
444,8gdo_0.pdb,unbound,0.7692307692307693,0.8928571428571429,0.7583333333333333,0.8839285714285714
445,8vfu_0.pdb,unbound,0.7899159663865546,0.925925925925926,0.7647058823529411,0.8598130841121495
446,8tca_0.pdb,unbound,0.8305084745762712,0.981651376146789,0.7372881355932204,0.981651376146789
447,8tjt_0.pdb,unbound,0.864,0.97196261682243,0.856,0.9532710280373832
448,8d01_0.pdb,unbound,0.6589147286821705,0.8130841121495327,0.6511627906976745,0.8130841121495327
449,8f2t_0.pdb,unbound,0.9067796610169492,0.9252336448598132,0.864406779661017,0.9252336448598132
450,8bf0_0.pdb,unbound,0.8632478632478633,0.9622641509433962,0.7672413793103449,0.9245283018867924
451,8fzo_0.pdb,unbound,1.0,1.0,0.8803418803418803,0.9252336448598132
452,8eq6_0.pdb,unbound,0.7583333333333333,0.8888888888888888,0.75,0.8611111111111112
453,8fxj_0.pdb,unbound,0.9090909090909092,0.9622641509433962,0.8760330578512396,0.8584905660377359
454,8awl_0.pdb,unbound,0.8016528925619835,0.8796296296296297,0.7833333333333333,0.8090909090909091
455,7yd3_0.pdb,unbound,0.7815126050420168,0.9545454545454546,0.9915966386554622,0.990909090909091
456,8gv1_0.pdb,unbound,0.7226890756302521,0.7685185185185185,0.725,0.7314814814814815
457,8gbw_0.pdb,unbound,0.6594202898550725,0.8715596330275229,0.6304347826086957,0.8807339449541285
458,8gbx_0.pdb,unbound,0.6330935251798561,0.8807339449541285,0.60431654676259,0.8807339449541285
459,8ek6_0.pdb,unbound,1.0,0.9907407407407408,0.8809523809523809,0.8818181818181818
460,8d54_0.pdb,unbound,0.7704918032786885,0.963963963963964,0.7459016393442623,0.9369369369369368
461,7s0j_0.pdb,unbound,0.7209302325581395,0.8598130841121495,0.6124031007751938,0.8504672897196262
462,7t97_1.pdb,unbound,1.0,1.0,0.819672131147541,0.9252336448598132
463,7ven_0.pdb,unbound,0.8688524590163934,0.9439252336448598,0.8416666666666667,0.9433962264150944
464,7tuh_0.pdb,unbound,0.7983193277310925,0.9646017699115044,0.8290598290598291,0.9380530973451328
465,7zf6_0.pdb,unbound,0.8780487804878049,0.9166666666666666,0.8861788617886179,0.9174311926605504
